﻿[
{
"ref":"a6b487ab-30ac-11e5-b3a3-000ea6f38103",
"deletionMark":false,
"predefined":false,
"code":"000000001",
"description":"Кафе «3 Этаж»",
"owner":null,
"level":0,
"parent":null,
"folder":false,
"lat":52.967781,
"lng":36.080857,
"address":"ул. Пушкина, 6",
"site":"http://vk.com/club21450709",
"phone":"8 (486) 254-41-30",
"foto":"00000000-0000-0000-0000-000000000000",
"comment":"",
"status":"Открыта"
}
,
{
"ref":"a6b487ac-30ac-11e5-b3a3-000ea6f38103",
"deletionMark":false,
"predefined":false,
"code":"000000002",
"description":"Квикфуд",
"owner":null,
"level":0,
"parent":null,
"folder":false,
"lat":52.960854,
"lng":36.071686,
"address":"1-я Посадская ул., 33",
"site":"http://xn--b1aelgc8cg.xn--p1ai/",
"phone":"8 (486) 278-27-37",
"foto":"a6b487b6-30ac-11e5-b3a3-000ea6f38103",
"comment":"",
"status":"Открыта"
}
,
{
"ref":"a6b487ad-30ac-11e5-b3a3-000ea6f38103",
"deletionMark":false,
"predefined":false,
"code":"000000003",
"description":"Суперпицца-плюс",
"owner":null,
"level":0,
"parent":null,
"folder":false,
"lat":52.960942,
"lng":36.090025,
"address":" Орёл, Орловская обл.",
"site":"http://437437.ru/",
"phone":"8 (486) 243-74-37",
"foto":"a6b487b7-30ac-11e5-b3a3-000ea6f38103",
"comment":"",
"status":""
}
,
{
"ref":"a6b487ae-30ac-11e5-b3a3-000ea6f38103",
"deletionMark":false,
"predefined":false,
"code":"000000004",
"description":"Mama Pizza",
"owner":null,
"level":0,
"parent":null,
"folder":false,
"lat":52.970806,
"lng":36.056551,
"address":"Октябрьская ул., 27, 4 этаж, ТРЦ ",
"site":"http://www.pizza-mama.ru/",
"phone":"8 (910) 209-01-01",
"foto":"a6b487b8-30ac-11e5-b3a3-000ea6f38103",
"comment":"Категория А",
"status":"Открыта"
}
,
{
"ref":"a6b487af-30ac-11e5-b3a3-000ea6f38103",
"deletionMark":false,
"predefined":false,
"code":"000000005",
"description":"Кафе \"Чудо Улей\"",
"owner":null,
"level":0,
"parent":null,
"folder":false,
"lat":52.971929,
"lng":36.064848,
"address":" ул. Максима Горького, 37, Орёл, Орловская обл., 302028",
"site":"http://chydo-pir.ru/",
"phone":"8 (486) 278-04-03",
"foto":"a6b487b9-30ac-11e5-b3a3-000ea6f38103",
"comment":"",
"status":"ВременноЗакрыта"
}
,
{
"ref":"a6b487b0-30ac-11e5-b3a3-000ea6f38103",
"deletionMark":false,
"predefined":false,
"code":"000000006",
"description":"Palazzo",
"owner":null,
"level":0,
"parent":null,
"folder":false,
"lat":52.978323,
"lng":36.07887,
"address":"ул. 8 Марта, 8, Орёл, Орловская обл., 302040",
"site":"",
"phone":"8 (486) 248-88-18",
"foto":"00000000-0000-0000-0000-000000000000",
"comment":"Категория C",
"status":"ВременноЗакрыта"
}
,
{
"ref":"a6b487b1-30ac-11e5-b3a3-000ea6f38103",
"deletionMark":false,
"predefined":false,
"code":"000000007",
"description":"Марио",
"owner":null,
"level":0,
"parent":null,
"folder":false,
"lat":52.94003,
"lng":36.045646,
"address":"Комсомольская ул., 242, Орёл, Орловская область, 302043",
"site":"http://chydo-pir.ru/",
"phone":"8 (486) 278-41-01",
"foto":"a6b487ba-30ac-11e5-b3a3-000ea6f38103",
"comment":"Установлено дополнительное разливное оборудование",
"status":"ВременноЗакрыта"
}
,
{
"ref":"a6b487b2-30ac-11e5-b3a3-000ea6f38103",
"deletionMark":false,
"predefined":false,
"code":"000000008",
"description":"Пицца",
"owner":null,
"level":0,
"parent":null,
"folder":false,
"lat":52.979452,
"lng":36.076833,
"address":"ул. Максима Горького, 50А, Орёл, Орловская обл., 302040",
"site":"",
"phone":"8 (953) 414-43-34",
"foto":"00000000-0000-0000-0000-000000000000",
"comment":"Статус не установлен",
"status":""
}
,
{
"ref":"a6b487b3-30ac-11e5-b3a3-000ea6f38103",
"deletionMark":false,
"predefined":false,
"code":"000000009",
"description":"Жар-Пицца",
"owner":null,
"level":0,
"parent":null,
"folder":false,
"lat":52.970933,
"lng":36.054742,
"address":"Октябрьская ул., 27, Орёл, Орловская обл.",
"site":"http://www.zharpizza.ru/",
"phone":"8 (486) 244-14-68",
"foto":"a6b487bb-30ac-11e5-b3a3-000ea6f38103",
"comment":"",
"status":"Открыта"
}
,
{
"ref":"a6b487b4-30ac-11e5-b3a3-000ea6f38103",
"deletionMark":false,
"predefined":false,
"code":"000000010",
"description":"Венеция",
"owner":null,
"level":0,
"parent":null,
"folder":false,
"lat":52.954376,
"lng":36.062512,
"address":"Комсомольская ул., 66, Орёл, Орловская область, 302026",
"site":"http://studio57.ru/orel/picceriya-veneciya/",
"phone":"8 (486) 259-07-21",
"foto":"a6b487bc-30ac-11e5-b3a3-000ea6f38103",
"comment":"Ключевой клиент в рознице",
"status":"Открыта"
}
]
