﻿[
{
"ref":"c39a1cc4-34aa-11e5-9a88-000ea6f38103",
"deletionMark":false,
"predefined":false,
"code":"000000001",
"description":"Произвести инвентаризацию торгового оборудования",
"owner":null,
"level":0,
"parent":null,
"folder":false,
"dateCreated":"2015-07-28T00:00:00",
"salesAgent":"c43c85c4-34a2-11e5-9a88-000ea6f38103",
"salesPoint":"a6b487ae-30ac-11e5-b3a3-000ea6f38103",
"dateBegin":"2015-07-28T00:00:00",
"importance":"Средняя",
"dateCompletion":"",
"comment":"",
"status":"Назначена"
}
,
{
"ref":"c39a1cc5-34aa-11e5-9a88-000ea6f38103",
"deletionMark":false,
"predefined":false,
"code":"000000002",
"description":"Забрать платежные документы",
"owner":null,
"level":0,
"parent":null,
"folder":false,
"dateCreated":"2015-07-28T00:00:00",
"salesAgent":"c43c85c4-34a2-11e5-9a88-000ea6f38103",
"salesPoint":"a6b487ae-30ac-11e5-b3a3-000ea6f38103",
"dateBegin":"2015-07-28T00:00:00",
"importance":"Средняя",
"dateCompletion":"",
"comment":"",
"status":"Назначена"
}
,
{
"ref":"c39a1cc6-34aa-11e5-9a88-000ea6f38103",
"deletionMark":false,
"predefined":false,
"code":"000000003",
"description":"Проверить расстановку POSM, зафиксировать на фото",
"owner":null,
"level":0,
"parent":null,
"folder":false,
"dateCreated":"2015-07-28T00:00:00",
"salesAgent":"c43c85c4-34a2-11e5-9a88-000ea6f38103",
"salesPoint":"a6b487ae-30ac-11e5-b3a3-000ea6f38103",
"dateBegin":"2015-07-28T00:00:00",
"importance":"Высокая",
"dateCompletion":"",
"comment":"",
"status":"Назначена"
}
,
{
"ref":"c39a1cc7-34aa-11e5-9a88-000ea6f38103",
"deletionMark":false,
"predefined":false,
"code":"000000004",
"description":"Поиск объектов (возможных клиентов) возле м. Октябрьское Поле",
"owner":null,
"level":0,
"parent":null,
"folder":false,
"dateCreated":"2015-07-28T00:00:00",
"salesAgent":"c43c85c4-34a2-11e5-9a88-000ea6f38103",
"salesPoint":"00000000-0000-0000-0000-000000000000",
"dateBegin":"2015-07-28T00:00:00",
"importance":"Высокая",
"dateCompletion":"",
"comment":"",
"status":"Назначена"
}
,
{
"ref":"c39a1cc8-34aa-11e5-9a88-000ea6f38103",
"deletionMark":false,
"predefined":false,
"code":"000000005",
"description":"Обновить контактную информацию по все торговым точкам на маршруте А1",
"owner":null,
"level":0,
"parent":null,
"folder":false,
"dateCreated":"2015-07-28T00:00:00",
"salesAgent":"c43c85c4-34a2-11e5-9a88-000ea6f38103",
"salesPoint":"00000000-0000-0000-0000-000000000000",
"dateBegin":"2015-07-28T00:00:00",
"importance":"Средняя",
"dateCompletion":"",
"comment":"",
"status":"Назначена"
}
,
{
"ref":"c39a1cc9-34aa-11e5-9a88-000ea6f38103",
"deletionMark":false,
"predefined":false,
"code":"000000006",
"description":"Провести презентацию новой продукции",
"owner":null,
"level":0,
"parent":null,
"folder":false,
"dateCreated":"2015-07-28T00:00:00",
"salesAgent":"c43c85c4-34a2-11e5-9a88-000ea6f38103",
"salesPoint":"a6b487af-30ac-11e5-b3a3-000ea6f38103",
"dateBegin":"2015-07-28T00:00:00",
"importance":"Средняя",
"dateCompletion":"",
"comment":"",
"status":"Назначена"
}
,
{
"ref":"c39a1cca-34aa-11e5-9a88-000ea6f38103",
"deletionMark":false,
"predefined":false,
"code":"000000007",
"description":"Предоставить рекламные материалы",
"owner":null,
"level":0,
"parent":null,
"folder":false,
"dateCreated":"2015-07-28T00:00:00",
"salesAgent":"c43c85c4-34a2-11e5-9a88-000ea6f38103",
"salesPoint":"a6b487b4-30ac-11e5-b3a3-000ea6f38103",
"dateBegin":"2015-07-28T00:00:00",
"importance":"Низкая",
"dateCompletion":"",
"comment":"",
"status":"Назначена"
}
,
{
"ref":"c39a1ccb-34aa-11e5-9a88-000ea6f38103",
"deletionMark":false,
"predefined":false,
"code":"000000008",
"description":"Заполнить сенсусную карту",
"owner":null,
"level":0,
"parent":null,
"folder":false,
"dateCreated":"2015-07-28T00:00:00",
"salesAgent":"c43c85c4-34a2-11e5-9a88-000ea6f38103",
"salesPoint":"a6b487ac-30ac-11e5-b3a3-000ea6f38103",
"dateBegin":"2015-07-28T00:00:00",
"importance":"Средняя",
"dateCompletion":"",
"comment":"",
"status":"Назначена"
}
]
